Country,Happiness Rank,Happiness Score,GDP per Capita,Social Support,Life Expectancy,Freedom,Perceptions of corruption,Generosity,Year
Norway,1,7.54,1.62,1.53,0.80,0.64,0.32,0.36,2017
Denmark,2,7.52,1.48,1.55,0.79,0.63,0.40,0.36,2017
Iceland,3,7.50,1.48,1.61,0.83,0.63,0.15,0.48,2017
Switzerland,4,7.49,1.56,1.52,0.86,0.62,0.37,0.29,2017
Finland,5,7.47,1.44,1.54,0.81,0.62,0.38,0.25,2017
Netherlands,6,7.38,1.50,1.43,0.81,0.59,0.28,0.47,2017
Canada,7,7.32,1.48,1.48,0.83,0.61,0.29,0.44,2017
New Zealand,8,7.31,1.41,1.55,0.82,0.61,0.38,0.50,2017
Sweden,9,7.28,1.49,1.48,0.83,0.61,0.38,0.39,2017
Australia,10,7.28,1.48,1.51,0.84,0.60,0.30,0.48,2017
Israel,11,7.21,1.38,1.38,0.84,0.41,0.09,0.33,2017
Costa Rica,12,7.08,1.11,1.42,0.76,0.58,0.10,0.21,2017
Austria,13,7.01,1.49,1.46,0.82,0.57,0.22,0.32,2017
United States,14,6.99,1.55,1.42,0.77,0.51,0.14,0.39,2017
Ireland,15,6.98,1.54,1.56,0.81,0.57,0.30,0.43,2017
Germany,16,6.95,1.49,1.47,0.80,0.56,0.28,0.34,2017
Belgium,17,6.89,1.46,1.46,0.82,0.54,0.25,0.23,2017
Luxembourg,18,6.86,1.74,1.46,0.85,0.60,0.32,0.28,2017
United Kingdom,19,6.71,1.44,1.50,0.81,0.51,0.27,0.49,2017
Chile,20,6.65,1.25,1.28,0.82,0.38,0.08,0.33,2017
United Arab Emirates,21,6.65,1.63,1.27,0.73,0.61,0.32,0.36,2017
Brazil,22,6.64,1.11,1.43,0.62,0.44,0.11,0.16,2017
Czech Republic,23,6.61,1.35,1.43,0.75,0.49,0.04,0.09,2017
Argentina,24,6.60,1.19,1.44,0.70,0.49,0.06,0.11,2017
Mexico,25,6.58,1.15,1.21,0.71,0.41,0.13,0.12,2017
Singapore,26,6.57,1.69,1.35,0.95,0.55,0.46,0.35,2017
Malta,27,6.53,1.34,1.49,0.82,0.59,0.15,0.57,2017
Uruguay,28,6.45,1.22,1.41,0.72,0.58,0.18,0.18,2017
Guatemala,29,6.45,0.87,1.26,0.54,0.53,0.08,0.28,2017
Panama,30,6.45,1.23,1.37,0.71,0.55,0.07,0.21,2017
France,31,6.44,1.43,1.39,0.84,0.47,0.17,0.13,2017
Thailand,32,6.42,1.13,1.43,0.65,0.58,0.03,0.57,2017
Taiwan Province of China,33,6.42,1.43,1.38,0.79,0.36,0.06,0.26,2017
Spain,34,6.40,1.38,1.53,0.89,0.41,0.07,0.19,2017
Qatar,35,6.38,1.87,1.27,0.71,0.60,0.44,0.33,2017
Colombia,36,6.36,1.07,1.40,0.60,0.48,0.05,0.15,2017
Saudi Arabia,37,6.34,1.53,1.29,0.59,0.45,0.27,0.15,2017
Trinidad and Tobago,38,6.17,1.36,1.38,0.52,0.52,0.01,0.33,2017
Kuwait,39,6.11,1.63,1.26,0.63,0.50,0.22,0.23,2017
Slovakia,40,6.10,1.33,1.51,0.71,0.30,0.02,0.14,2017
Bahrain,41,6.09,1.49,1.32,0.65,0.54,0.26,0.17,2017
Malaysia,42,6.08,1.29,1.28,0.62,0.40,0.07,0.42,2017
Nicaragua,43,6.07,0.74,1.29,0.65,0.45,0.13,0.30,2017
Ecuador,44,6.01,1.00,1.29,0.69,0.46,0.14,0.15,2017
El Salvador,45,6.00,0.91,1.18,0.60,0.43,0.09,0.08,2017
Poland,46,5.97,1.29,1.45,0.70,0.52,0.06,0.16,2017
Uzbekistan,47,5.97,0.79,1.55,0.50,0.66,0.25,0.42,2017
Italy,48,5.96,1.40,1.44,0.85,0.26,0.03,0.17,2017
Russia,49,5.96,1.28,1.47,0.55,0.37,0.03,0.05,2017
Belize,50,5.96,0.91,1.08,0.45,0.55,0.10,0.24,2017
Japan,51,5.92,1.42,1.44,0.91,0.51,0.16,0.12,2017
Lithuania,52,5.90,1.31,1.47,0.63,0.23,0.01,0.01,2017
Algeria,53,5.87,1.09,1.15,0.62,0.23,0.15,0.07,2017
Latvia,54,5.85,1.26,1.40,0.64,0.33,0.07,0.15,2017
South Korea,55,5.84,1.40,1.13,0.90,0.26,0.06,0.21,2017
Moldova,56,5.84,0.73,1.25,0.59,0.24,0.01,0.21,2017
Romania,57,5.82,1.22,1.15,0.69,0.46,0.00,0.13,2017
Bolivia,58,5.82,0.83,1.23,0.47,0.56,0.06,0.23,2017
Turkmenistan,59,5.82,1.13,1.49,0.44,0.42,0.26,0.25,2017
Kazakhstan,60,5.82,1.28,1.38,0.61,0.44,0.12,0.20,2017
North Cyprus,61,5.81,1.35,1.19,0.83,0.47,0.16,0.27,2017
Slovenia,62,5.76,1.34,1.45,0.79,0.57,0.05,0.24,2017
Peru,63,5.72,1.04,1.22,0.63,0.45,0.05,0.13,2017
Mauritius,64,5.63,1.19,1.21,0.64,0.49,0.04,0.36,2017
Cyprus,65,5.62,1.36,1.13,0.84,0.36,0.04,0.27,2017
Estonia,66,5.61,1.32,1.48,0.70,0.48,0.18,0.10,2017
Belarus,67,5.57,1.16,1.44,0.64,0.30,0.16,0.16,2017
Libya,68,5.53,1.10,1.36,0.52,0.47,0.09,0.15,2017
Turkey,69,5.50,1.20,1.34,0.64,0.30,0.10,0.05,2017
Paraguay,70,5.49,0.93,1.51,0.58,0.47,0.09,0.22,2017
"Hong Kong S.A.R., China",71,5.47,1.55,1.26,0.94,0.49,0.29,0.37,2017
Philippines,72,5.43,0.86,1.25,0.47,0.59,0.10,0.19,2017
Serbia,73,5.39,1.07,1.26,0.65,0.21,0.04,0.22,2017
Jordan,74,5.34,0.99,1.24,0.60,0.42,0.12,0.17,2017
Hungary,75,5.32,1.29,1.34,0.69,0.18,0.04,0.08,2017
Jamaica,76,5.31,0.93,1.37,0.64,0.47,0.06,0.23,2017
Croatia,77,5.29,1.22,0.97,0.70,0.26,0.04,0.25,2017
Kosovo,78,5.28,0.95,1.14,0.54,0.26,0.06,0.32,2017
China,79,5.27,1.08,1.16,0.74,0.47,0.02,0.03,2017
Pakistan,80,5.27,0.73,0.67,0.40,0.24,0.12,0.32,2017
Indonesia,81,5.26,1.00,1.27,0.49,0.44,0.02,0.61,2017
Venezuela,82,5.25,1.13,1.43,0.62,0.15,0.06,0.07,2017
Montenegro,83,5.24,1.12,1.24,0.67,0.19,0.09,0.20,2017
Morocco,84,5.24,0.88,0.77,0.60,0.41,0.09,0.03,2017
Azerbaijan,85,5.23,1.15,1.15,0.54,0.40,0.18,0.05,2017
Dominican Republic,86,5.23,1.08,1.40,0.57,0.55,0.11,0.19,2017
Greece,87,5.23,1.29,1.24,0.81,0.10,0.04,0.00,2017
Lebanon,88,5.22,1.07,1.13,0.74,0.29,0.04,0.26,2017
Portugal,89,5.20,1.32,1.37,0.80,0.50,0.02,0.10,2017
Bosnia and Herzegovina,90,5.18,0.98,1.07,0.71,0.20,0.00,0.33,2017
Honduras,91,5.18,0.73,1.14,0.58,0.35,0.07,0.24,2017
Macedonia,92,5.18,1.06,1.21,0.64,0.33,0.06,0.25,2017
Somalia,93,5.15,0.02,0.72,0.11,0.60,0.28,0.29,2017
Vietnam,94,5.07,0.79,1.28,0.65,0.57,0.09,0.23,2017
Nigeria,95,5.07,0.78,1.22,0.06,0.39,0.03,0.23,2017
Tajikistan,96,5.04,0.52,1.27,0.53,0.47,0.15,0.25,2017
Bhutan,97,5.01,0.89,1.34,0.50,0.50,0.17,0.47,2017
Kyrgyzstan,98,5.00,0.60,1.39,0.55,0.45,0.04,0.43,2017
Nepal,99,4.96,0.48,1.18,0.50,0.44,0.07,0.39,2017
Mongolia,100,4.95,1.03,1.49,0.56,0.39,0.03,0.34,2017
South Africa,101,4.83,1.05,1.38,0.19,0.48,0.07,0.14,2017
Tunisia,102,4.80,1.01,0.87,0.61,0.29,0.09,0.05,2017
Palestinian Territories,103,4.78,0.72,1.16,0.57,0.25,0.09,0.11,2017
Egypt,104,4.74,0.99,1.00,0.52,0.28,0.11,0.13,2017
Bulgaria,105,4.71,1.16,1.43,0.71,0.29,0.01,0.11,2017
Sierra Leone,106,4.71,0.37,0.98,0.01,0.32,0.07,0.29,2017
Cameroon,107,4.70,0.56,0.95,0.13,0.43,0.05,0.24,2017
Iran,108,4.69,1.16,0.71,0.64,0.25,0.05,0.39,2017
Albania,109,4.64,1.00,0.80,0.73,0.38,0.04,0.20,2017
Bangladesh,110,4.61,0.59,0.74,0.53,0.48,0.12,0.17,2017
Namibia,111,4.57,0.96,1.10,0.34,0.52,0.09,0.08,2017
Kenya,112,4.55,0.56,1.07,0.31,0.45,0.06,0.44,2017
Mozambique,113,4.55,0.23,0.87,0.11,0.48,0.18,0.32,2017
Myanmar,114,4.55,0.37,1.12,0.40,0.51,0.19,0.84,2017
Senegal,115,4.53,0.48,1.18,0.41,0.38,0.12,0.18,2017
Zambia,116,4.51,0.64,1.00,0.26,0.46,0.08,0.25,2017
Iraq,117,4.50,1.10,0.98,0.50,0.29,0.11,0.20,2017
Gabon,118,4.47,1.20,1.16,0.36,0.31,0.08,0.04,2017
Ethiopia,119,4.46,0.34,0.86,0.35,0.41,0.17,0.31,2017
Sri Lanka,120,4.44,1.01,1.26,0.63,0.56,0.07,0.49,2017
Armenia,121,4.38,0.90,1.01,0.64,0.20,0.03,0.08,2017
India,122,4.32,0.79,0.75,0.46,0.47,0.09,0.23,2017
Mauritania,123,4.29,0.65,1.27,0.29,0.10,0.14,0.20,2017
Congo (Brazzaville),124,4.29,0.81,0.83,0.29,0.44,0.08,0.12,2017
Georgia,125,4.29,0.95,0.57,0.65,0.31,0.25,0.05,2017
Congo (Kinshasa),126,4.28,0.09,1.23,0.19,0.24,0.06,0.25,2017
Mali,127,4.19,0.48,1.28,0.17,0.31,0.10,0.18,2017
Ivory Coast,128,4.18,0.60,0.90,0.05,0.45,0.13,0.20,2017
Cambodia,129,4.17,0.60,1.01,0.43,0.63,0.07,0.39,2017
Sudan,130,4.14,0.66,1.21,0.29,0.01,0.09,0.18,2017
Ghana,131,4.12,0.67,0.87,0.30,0.42,0.03,0.26,2017
Ukraine,132,4.10,0.89,1.39,0.58,0.12,0.02,0.27,2017
Uganda,133,4.08,0.38,1.13,0.22,0.44,0.06,0.33,2017
Burkina Faso,134,4.03,0.35,1.04,0.22,0.32,0.12,0.25,2017
Niger,135,4.03,0.16,0.99,0.27,0.36,0.14,0.23,2017
Malawi,136,3.97,0.23,0.51,0.32,0.47,0.07,0.29,2017
Chad,137,3.94,0.44,0.95,0.04,0.16,0.05,0.22,2017
Zimbabwe,138,3.88,0.38,1.08,0.20,0.34,0.10,0.19,2017
Lesotho,139,3.81,0.52,1.19,0.00,0.39,0.12,0.16,2017
Angola,140,3.80,0.86,1.10,0.05,0.00,0.07,0.10,2017
Afghanistan,141,3.79,0.40,0.58,0.18,0.11,0.06,0.31,2017
Botswana,142,3.77,1.12,1.22,0.34,0.51,0.10,0.10,2017
Benin,143,3.66,0.43,0.44,0.21,0.43,0.06,0.21,2017
Madagascar,144,3.64,0.31,0.91,0.38,0.19,0.07,0.21,2017
Haiti,145,3.60,0.37,0.64,0.28,0.03,0.10,0.49,2017
Yemen,146,3.59,0.59,0.94,0.31,0.25,0.06,0.10,2017
South Sudan,147,3.59,0.40,0.60,0.16,0.15,0.12,0.29,2017
Liberia,148,3.53,0.12,0.87,0.23,0.33,0.04,0.27,2017
Guinea,149,3.51,0.24,0.79,0.19,0.35,0.11,0.26,2017
Togo,150,3.49,0.31,0.43,0.25,0.38,0.10,0.20,2017
Rwanda,151,3.47,0.37,0.95,0.33,0.58,0.46,0.25,2017
Syria,152,3.46,0.78,0.40,0.50,0.08,0.15,0.49,2017
Tanzania,153,3.35,0.51,1.04,0.36,0.39,0.07,0.35,2017
Burundi,154,2.90,0.09,0.63,0.15,0.06,0.08,0.20,2017
Central African Republic,155,2.69,0.00,0.00,0.02,0.27,0.06,0.28,2017
Finland,1,7.77,1.34,1.59,0.99,0.60,0.39,0.15,2019
Denmark,2,7.60,1.38,1.57,1.00,0.59,0.41,0.25,2019
Norway,3,7.55,1.49,1.58,1.03,0.60,0.34,0.27,2019
Iceland,4,7.49,1.38,1.62,1.03,0.59,0.12,0.35,2019
Netherlands,5,7.49,1.40,1.52,1.00,0.56,0.30,0.32,2019
Switzerland,6,7.48,1.45,1.53,1.05,0.57,0.34,0.26,2019
Sweden,7,7.34,1.39,1.49,1.01,0.57,0.37,0.27,2019
New Zealand,8,7.31,1.30,1.56,1.03,0.59,0.38,0.33,2019
Canada,9,7.28,1.37,1.51,1.04,0.58,0.31,0.29,2019
Austria,10,7.25,1.38,1.48,1.02,0.53,0.23,0.24,2019
Australia,11,7.23,1.37,1.55,1.04,0.56,0.29,0.33,2019
Costa Rica,12,7.17,1.03,1.44,0.96,0.56,0.09,0.14,2019
Israel,13,7.14,1.28,1.46,1.03,0.37,0.08,0.26,2019
Luxembourg,14,7.09,1.61,1.48,1.01,0.53,0.32,0.19,2019
United Kingdom,15,7.05,1.33,1.54,1.00,0.45,0.28,0.35,2019
Ireland,16,7.02,1.50,1.55,1.00,0.52,0.31,0.30,2019
Germany,17,6.99,1.37,1.45,0.99,0.50,0.27,0.26,2019
Belgium,18,6.92,1.36,1.50,0.99,0.47,0.21,0.16,2019
United States,19,6.89,1.43,1.46,0.87,0.45,0.13,0.28,2019
Czech Republic,20,6.85,1.27,1.49,0.92,0.46,0.04,0.05,2019
United Arab Emirates,21,6.83,1.50,1.31,0.83,0.60,0.18,0.26,2019
Malta,22,6.73,1.30,1.52,1.00,0.56,0.15,0.38,2019
Mexico,23,6.60,1.07,1.32,0.86,0.43,0.07,0.07,2019
France,24,6.59,1.32,1.47,1.05,0.44,0.18,0.11,2019
Taiwan,25,6.45,1.37,1.43,0.91,0.35,0.10,0.24,2019
Chile,26,6.44,1.16,1.37,0.92,0.36,0.06,0.19,2019
Guatemala,27,6.44,0.80,1.27,0.75,0.54,0.08,0.18,2019
Saudi Arabia,28,6.38,1.40,1.36,0.80,0.44,0.13,0.08,2019
Qatar,29,6.37,1.68,1.31,0.87,0.56,0.17,0.22,2019
Spain,30,6.35,1.29,1.48,1.06,0.36,0.08,0.15,2019
Panama,31,6.32,1.15,1.44,0.91,0.52,0.05,0.11,2019
Brazil,32,6.30,1.00,1.44,0.80,0.39,0.09,0.10,2019
Uruguay,33,6.29,1.12,1.47,0.89,0.52,0.15,0.13,2019
Singapore,34,6.26,1.57,1.46,1.14,0.56,0.45,0.27,2019
El Salvador,35,6.25,0.79,1.24,0.79,0.43,0.07,0.09,2019
Italy,36,6.22,1.29,1.49,1.04,0.23,0.03,0.16,2019
Bahrain,37,6.20,1.36,1.37,0.87,0.54,0.11,0.26,2019
Slovakia,38,6.20,1.25,1.50,0.88,0.33,0.01,0.12,2019
Trinidad & Tobago,39,6.19,1.23,1.48,0.71,0.49,0.02,0.19,2019
Poland,40,6.18,1.21,1.44,0.88,0.48,0.05,0.12,2019
Uzbekistan,41,6.17,0.75,1.53,0.76,0.63,0.24,0.32,2019
Lithuania,42,6.15,1.24,1.52,0.82,0.29,0.04,0.04,2019
Colombia,43,6.13,0.99,1.41,0.84,0.47,0.03,0.10,2019
Slovenia,44,6.12,1.26,1.52,0.95,0.56,0.06,0.14,2019
Nicaragua,45,6.11,0.69,1.33,0.84,0.44,0.13,0.20,2019
Kosovo,46,6.10,0.88,1.23,0.76,0.49,0.01,0.26,2019
Argentina,47,6.09,1.09,1.43,0.88,0.47,0.05,0.07,2019
Romania,48,6.07,1.16,1.23,0.83,0.46,0.01,0.08,2019
Cyprus,49,6.05,1.26,1.22,1.04,0.41,0.04,0.19,2019
Ecuador,50,6.03,0.91,1.31,0.87,0.50,0.09,0.13,2019
Kuwait,51,6.02,1.50,1.32,0.81,0.49,0.10,0.14,2019
Thailand,52,6.01,1.05,1.41,0.83,0.56,0.03,0.36,2019
Latvia,53,5.94,1.19,1.47,0.81,0.26,0.06,0.08,2019
South Korea,54,5.90,1.30,1.22,1.04,0.16,0.06,0.18,2019
Estonia,55,5.89,1.24,1.53,0.87,0.50,0.16,0.10,2019
Jamaica,56,5.89,0.83,1.48,0.83,0.49,0.03,0.11,2019
Mauritius,57,5.89,1.12,1.40,0.80,0.50,0.06,0.22,2019
Japan,58,5.89,1.33,1.42,1.09,0.45,0.14,0.07,2019
Honduras,59,5.86,0.64,1.24,0.83,0.51,0.08,0.25,2019
Kazakhstan,60,5.81,1.17,1.51,0.73,0.41,0.10,0.15,2019
Bolivia,61,5.78,0.78,1.21,0.71,0.51,0.06,0.14,2019
Hungary,62,5.76,1.20,1.41,0.83,0.20,0.02,0.08,2019
Paraguay,63,5.74,0.86,1.48,0.78,0.51,0.08,0.18,2019
Northern Cyprus,64,5.72,1.26,1.25,1.04,0.42,0.16,0.19,2019
Peru,65,5.70,0.96,1.27,0.85,0.46,0.03,0.08,2019
Portugal,66,5.69,1.22,1.43,1.00,0.51,0.03,0.05,2019
Pakistan,67,5.65,0.68,0.89,0.54,0.31,0.10,0.22,2019
Russia,68,5.65,1.18,1.45,0.73,0.33,0.03,0.08,2019
Philippines,69,5.63,0.81,1.29,0.66,0.56,0.11,0.12,2019
Serbia,70,5.60,1.00,1.38,0.85,0.28,0.04,0.14,2019
Moldova,71,5.53,0.69,1.33,0.74,0.25,0.00,0.18,2019
Libya,72,5.53,1.04,1.30,0.67,0.42,0.15,0.13,2019
Montenegro,73,5.52,1.05,1.36,0.87,0.20,0.08,0.14,2019
Tajikistan,74,5.47,0.49,1.10,0.72,0.39,0.14,0.23,2019
Croatia,75,5.43,1.16,1.27,0.91,0.30,0.02,0.12,2019
Hong Kong,76,5.43,1.44,1.28,1.12,0.44,0.29,0.26,2019
Dominican Republic,77,5.43,1.02,1.40,0.78,0.50,0.10,0.11,2019
Bosnia and Herzegovina,78,5.39,0.95,1.21,0.85,0.21,0.01,0.26,2019
Turkey,79,5.37,1.18,1.36,0.81,0.20,0.11,0.08,2019
Malaysia,80,5.34,1.22,1.17,0.83,0.51,0.02,0.26,2019
Belarus,81,5.32,1.07,1.47,0.79,0.24,0.14,0.09,2019
Greece,82,5.29,1.18,1.16,1.00,0.07,0.03,0.00,2019
Mongolia,83,5.29,0.95,1.53,0.67,0.32,0.04,0.24,2019
North Macedonia,84,5.27,0.98,1.29,0.84,0.35,0.03,0.19,2019
Nigeria,85,5.27,0.70,1.11,0.25,0.43,0.04,0.22,2019
Kyrgyzstan,86,5.26,0.55,1.44,0.72,0.51,0.02,0.30,2019
Turkmenistan,87,5.25,1.05,1.54,0.66,0.39,0.03,0.24,2019
Algeria,88,5.21,1.00,1.16,0.79,0.09,0.11,0.07,2019
Morocco,89,5.21,0.80,0.78,0.78,0.42,0.08,0.04,2019
Azerbaijan,90,5.21,1.04,1.15,0.77,0.35,0.18,0.04,2019
Lebanon,91,5.20,0.99,1.22,0.82,0.22,0.03,0.17,2019
Indonesia,92,5.19,0.93,1.20,0.66,0.49,0.03,0.50,2019
China,93,5.19,1.03,1.13,0.89,0.52,0.10,0.06,2019
Vietnam,94,5.18,0.74,1.35,0.85,0.54,0.07,0.15,2019
Bhutan,95,5.08,0.81,1.32,0.60,0.46,0.17,0.37,2019
Cameroon,96,5.04,0.55,0.91,0.33,0.38,0.04,0.19,2019
Bulgaria,97,5.01,1.09,1.51,0.82,0.31,0.00,0.08,2019
Ghana,98,5.00,0.61,0.87,0.49,0.38,0.04,0.25,2019
Ivory Coast,99,4.94,0.57,0.81,0.23,0.35,0.09,0.15,2019
Nepal,100,4.91,0.45,1.23,0.68,0.44,0.09,0.29,2019
Jordan,101,4.91,0.84,1.23,0.82,0.38,0.13,0.11,2019
Benin,102,4.88,0.39,0.44,0.40,0.35,0.08,0.18,2019
Congo (Brazzaville),103,4.81,0.67,0.80,0.51,0.37,0.09,0.11,2019
Gabon,104,4.80,1.06,1.18,0.57,0.30,0.06,0.04,2019
Laos,105,4.80,0.76,1.03,0.55,0.55,0.16,0.27,2019
South Africa,106,4.72,0.96,1.35,0.47,0.39,0.06,0.13,2019
Albania,107,4.72,0.95,0.85,0.87,0.38,0.03,0.18,2019
Venezuela,108,4.71,0.96,1.43,0.81,0.15,0.05,0.06,2019
Cambodia,109,4.70,0.57,1.12,0.64,0.61,0.06,0.23,2019
Palestinian Territories,110,4.70,0.66,1.25,0.67,0.23,0.07,0.10,2019
Senegal,111,4.68,0.45,1.13,0.57,0.29,0.07,0.15,2019
Somalia,112,4.67,0.00,0.70,0.27,0.56,0.27,0.24,2019
Namibia,113,4.64,0.88,1.31,0.48,0.40,0.06,0.07,2019
Niger,114,4.63,0.14,0.77,0.37,0.32,0.10,0.19,2019
Burkina Faso,115,4.59,0.33,1.06,0.38,0.26,0.11,0.18,2019
Armenia,116,4.56,0.85,1.06,0.82,0.28,0.06,0.10,2019
Iran,117,4.55,1.10,0.84,0.79,0.31,0.13,0.27,2019
Guinea,118,4.53,0.38,0.83,0.38,0.33,0.09,0.21,2019
Georgia,119,4.52,0.89,0.67,0.75,0.35,0.16,0.04,2019
Gambia,120,4.52,0.31,0.94,0.43,0.38,0.17,0.27,2019
Kenya,121,4.51,0.51,0.98,0.58,0.43,0.05,0.37,2019
Mauritania,122,4.49,0.57,1.17,0.49,0.07,0.09,0.11,2019
Mozambique,123,4.47,0.20,0.99,0.39,0.49,0.14,0.20,2019
Tunisia,124,4.46,0.92,1.00,0.82,0.17,0.06,0.06,2019
Bangladesh,125,4.46,0.56,0.93,0.72,0.53,0.14,0.17,2019
Iraq,126,4.44,1.04,0.98,0.57,0.24,0.09,0.15,2019
Congo (Kinshasa),127,4.42,0.09,1.13,0.36,0.27,0.05,0.21,2019
Mali,128,4.39,0.39,1.11,0.31,0.33,0.05,0.15,2019
Sierra Leone,129,4.37,0.27,0.84,0.24,0.31,0.05,0.25,2019
Sri Lanka,130,4.37,0.95,1.27,0.83,0.47,0.05,0.24,2019
Myanmar,131,4.36,0.71,1.18,0.56,0.53,0.17,0.57,2019
Chad,132,4.35,0.35,0.77,0.19,0.17,0.08,0.20,2019
Ukraine,133,4.33,0.82,1.39,0.74,0.18,0.01,0.19,2019
Ethiopia,134,4.29,0.34,1.03,0.53,0.34,0.10,0.21,2019
Swaziland,135,4.21,0.81,1.15,0.00,0.31,0.14,0.07,2019
Uganda,136,4.19,0.33,1.07,0.44,0.36,0.06,0.25,2019
Egypt,137,4.17,0.91,1.04,0.64,0.24,0.07,0.08,2019
Zambia,138,4.11,0.58,1.06,0.43,0.43,0.09,0.25,2019
Togo,139,4.09,0.28,0.57,0.41,0.29,0.09,0.18,2019
India,140,4.02,0.76,0.77,0.59,0.50,0.09,0.20,2019
Liberia,141,3.98,0.07,0.92,0.44,0.37,0.03,0.23,2019
Comoros,142,3.97,0.27,0.76,0.51,0.14,0.08,0.28,2019
Madagascar,143,3.93,0.27,0.92,0.56,0.15,0.04,0.17,2019
Lesotho,144,3.80,0.49,1.17,0.17,0.36,0.09,0.11,2019
Burundi,145,3.78,0.05,0.45,0.38,0.22,0.18,0.18,2019
Zimbabwe,146,3.66,0.37,1.11,0.43,0.36,0.09,0.15,2019
Haiti,147,3.60,0.32,0.69,0.45,0.03,0.11,0.42,2019
Botswana,148,3.49,1.04,1.15,0.54,0.46,0.10,0.03,2019
Syria,149,3.46,0.62,0.38,0.44,0.01,0.14,0.33,2019
Malawi,150,3.41,0.19,0.56,0.50,0.44,0.09,0.22,2019
Yemen,151,3.38,0.29,1.16,0.46,0.14,0.08,0.11,2019
Rwanda,152,3.33,0.36,0.71,0.61,0.56,0.41,0.22,2019
Tanzania,153,3.23,0.48,0.89,0.50,0.42,0.15,0.28,2019
Afghanistan,154,3.20,0.35,0.52,0.36,0.00,0.03,0.16,2019
Central African Republic,155,3.08,0.03,0.00,0.11,0.23,0.04,0.24,2019
South Sudan,156,2.85,0.31,0.58,0.30,0.01,0.09,0.20,2019
Switzerland,1,7.59,1.40,1.35,0.94,0.67,0.42,0.30,2015
Iceland,2,7.56,1.30,1.40,0.95,0.63,0.14,0.44,2015
Denmark,3,7.53,1.33,1.36,0.87,0.65,0.48,0.34,2015
Norway,4,7.52,1.46,1.33,0.89,0.67,0.37,0.35,2015
Canada,5,7.43,1.33,1.32,0.91,0.63,0.33,0.46,2015
Finland,6,7.41,1.29,1.32,0.89,0.64,0.41,0.23,2015
Netherlands,7,7.38,1.33,1.28,0.89,0.62,0.32,0.48,2015
Sweden,8,7.36,1.33,1.29,0.91,0.66,0.44,0.36,2015
New Zealand,9,7.29,1.25,1.32,0.91,0.64,0.43,0.48,2015
Australia,10,7.28,1.33,1.31,0.93,0.65,0.36,0.44,2015
Israel,11,7.28,1.23,1.22,0.91,0.41,0.08,0.33,2015
Costa Rica,12,7.23,0.96,1.24,0.86,0.63,0.11,0.25,2015
Austria,13,7.20,1.34,1.30,0.89,0.62,0.19,0.33,2015
Mexico,14,7.19,1.02,0.91,0.81,0.48,0.21,0.14,2015
United States,15,7.12,1.39,1.25,0.86,0.55,0.16,0.40,2015
Brazil,16,6.98,0.98,1.23,0.70,0.49,0.18,0.15,2015
Luxembourg,17,6.95,1.56,1.22,0.92,0.62,0.38,0.28,2015
Ireland,18,6.94,1.34,1.37,0.90,0.62,0.29,0.46,2015
Belgium,19,6.94,1.31,1.29,0.90,0.58,0.23,0.22,2015
United Arab Emirates,20,6.90,1.43,1.13,0.81,0.64,0.39,0.26,2015
United Kingdom,21,6.87,1.27,1.29,0.91,0.60,0.32,0.52,2015
Oman,22,6.85,1.36,1.08,0.76,0.63,0.33,0.22,2015
Venezuela,23,6.81,1.04,1.26,0.72,0.43,0.11,0.06,2015
Singapore,24,6.80,1.52,1.02,1.03,0.54,0.49,0.31,2015
Panama,25,6.79,1.06,1.20,0.80,0.54,0.09,0.24,2015
Germany,26,6.75,1.33,1.30,0.89,0.61,0.22,0.28,2015
Chile,27,6.67,1.11,1.12,0.86,0.44,0.13,0.33,2015
Qatar,28,6.61,1.69,1.08,0.80,0.64,0.52,0.33,2015
France,29,6.58,1.28,1.26,0.95,0.55,0.21,0.12,2015
Argentina,30,6.57,1.05,1.25,0.79,0.45,0.08,0.11,2015
Czech Republic,31,6.51,1.18,1.21,0.84,0.46,0.03,0.11,2015
Uruguay,32,6.49,1.06,1.21,0.81,0.60,0.25,0.23,2015
Colombia,33,6.48,0.92,1.24,0.69,0.53,0.05,0.18,2015
Thailand,34,6.46,0.97,1.27,0.74,0.56,0.03,0.58,2015
Saudi Arabia,35,6.41,1.40,1.08,0.72,0.31,0.33,0.14,2015
Spain,36,6.33,1.23,1.31,0.96,0.46,0.06,0.18,2015
Malta,37,6.30,1.21,1.30,0.89,0.60,0.14,0.52,2015
Taiwan,38,6.30,1.29,1.08,0.88,0.40,0.08,0.25,2015
Kuwait,39,6.30,1.55,1.17,0.72,0.55,0.26,0.16,2015
Suriname,40,6.27,1.00,0.97,0.61,0.60,0.14,0.17,2015
Trinidad and Tobago,41,6.17,1.21,1.18,0.61,0.56,0.01,0.32,2015
El Salvador,42,6.13,0.76,1.03,0.68,0.40,0.12,0.11,2015
Guatemala,43,6.12,0.75,1.04,0.64,0.58,0.09,0.27,2015
Uzbekistan,44,6.00,0.63,1.34,0.60,0.66,0.31,0.23,2015
Slovakia,45,6.00,1.17,1.27,0.79,0.32,0.03,0.17,2015
Japan,46,5.99,1.27,1.26,0.99,0.50,0.18,0.11,2015
South Korea,47,5.98,1.24,0.96,0.97,0.33,0.08,0.19,2015
Ecuador,48,5.98,0.86,1.00,0.79,0.49,0.18,0.12,2015
Bahrain,49,5.96,1.32,1.22,0.75,0.45,0.31,0.17,2015
Italy,50,5.95,1.25,1.20,0.95,0.26,0.03,0.23,2015
Bolivia,51,5.89,0.68,0.98,0.54,0.57,0.09,0.21,2015
Moldova,52,5.89,0.59,1.02,0.62,0.33,0.02,0.21,2015
Paraguay,53,5.88,0.76,1.30,0.66,0.54,0.08,0.34,2015
Kazakhstan,54,5.86,1.12,1.12,0.64,0.52,0.08,0.12,2015
Slovenia,55,5.85,1.18,1.27,0.87,0.61,0.04,0.25,2015
Lithuania,56,5.83,1.15,1.26,0.73,0.21,0.01,0.03,2015
Nicaragua,57,5.83,0.59,1.14,0.74,0.55,0.19,0.28,2015
Peru,58,5.82,0.90,0.97,0.73,0.41,0.06,0.15,2015
Belarus,59,5.81,1.03,1.23,0.74,0.38,0.19,0.11,2015
Poland,60,5.79,1.13,1.28,0.78,0.53,0.04,0.17,2015
Malaysia,61,5.77,1.12,1.07,0.72,0.53,0.11,0.33,2015
Croatia,62,5.76,1.08,0.80,0.79,0.26,0.02,0.05,2015
Libya,63,5.75,1.13,1.12,0.70,0.42,0.11,0.18,2015
Russia,64,5.72,1.14,1.24,0.67,0.37,0.03,0.00,2015
Jamaica,65,5.71,0.81,1.15,0.69,0.50,0.02,0.21,2015
North Cyprus,66,5.70,1.21,1.07,0.92,0.49,0.14,0.26,2015
Cyprus,67,5.69,1.21,0.89,0.92,0.41,0.06,0.31,2015
Algeria,68,5.61,0.94,1.08,0.62,0.29,0.17,0.08,2015
Kosovo,69,5.59,0.80,0.81,0.63,0.25,0.05,0.28,2015
Turkmenistan,70,5.55,0.96,1.23,0.54,0.48,0.31,0.17,2015
Mauritius,71,5.48,1.01,0.99,0.71,0.56,0.08,0.38,2015
Hong Kong,72,5.47,1.39,1.06,1.01,0.60,0.37,0.39,2015
Estonia,73,5.43,1.15,1.23,0.77,0.45,0.15,0.09,2015
Indonesia,74,5.40,0.83,1.09,0.64,0.47,0.00,0.52,2015
Vietnam,75,5.36,0.63,0.91,0.75,0.59,0.10,0.17,2015
Turkey,76,5.33,1.06,0.95,0.73,0.23,0.16,0.12,2015
Kyrgyzstan,77,5.29,0.47,1.15,0.65,0.43,0.04,0.30,2015
Nigeria,78,5.27,0.65,0.90,0.16,0.34,0.04,0.27,2015
Bhutan,79,5.25,0.77,1.10,0.57,0.53,0.15,0.48,2015
Azerbaijan,80,5.21,1.02,0.94,0.64,0.37,0.16,0.08,2015
Pakistan,81,5.19,0.60,0.41,0.51,0.12,0.10,0.34,2015
Jordan,82,5.19,0.90,1.05,0.70,0.41,0.14,0.11,2015
Montenegro,82,5.19,0.97,0.91,0.73,0.18,0.14,0.16,2015
China,84,5.14,0.89,0.95,0.82,0.52,0.03,0.08,2015
Zambia,85,5.13,0.47,0.92,0.30,0.49,0.12,0.20,2015
Romania,86,5.12,1.04,0.89,0.77,0.35,0.01,0.14,2015
Serbia,87,5.12,0.92,1.01,0.75,0.20,0.03,0.19,2015
Portugal,88,5.10,1.16,1.14,0.88,0.51,0.01,0.14,2015
Latvia,89,5.10,1.11,1.10,0.72,0.30,0.06,0.18,2015
Philippines,90,5.07,0.71,1.04,0.58,0.63,0.12,0.25,2015
Somaliland region,91,5.06,0.19,0.95,0.44,0.47,0.40,0.50,2015
Morocco,92,5.01,0.73,0.64,0.61,0.42,0.09,0.07,2015
Macedonia,93,5.01,0.92,1.00,0.74,0.33,0.05,0.22,2015
Mozambique,94,4.97,0.08,1.03,0.09,0.34,0.16,0.22,2015
Albania,95,4.96,0.88,0.80,0.81,0.36,0.06,0.14,2015
Bosnia and Herzegovina,96,4.95,0.83,0.92,0.79,0.09,0.00,0.25,2015
Lesotho,97,4.90,0.38,1.04,0.08,0.32,0.13,0.16,2015
Dominican Republic,98,4.89,0.90,1.17,0.67,0.58,0.14,0.22,2015
Laos,99,4.88,0.59,0.74,0.55,0.60,0.24,0.42,2015
Mongolia,100,4.87,0.83,1.30,0.60,0.44,0.03,0.33,2015
Swaziland,101,4.87,0.71,1.07,0.08,0.31,0.03,0.18,2015
Greece,102,4.86,1.15,0.93,0.88,0.08,0.01,0.00,2015
Lebanon,103,4.84,1.03,0.80,0.84,0.34,0.05,0.22,2015
Hungary,104,4.80,1.12,1.20,0.76,0.32,0.03,0.13,2015
Honduras,105,4.79,0.60,0.95,0.70,0.40,0.07,0.23,2015
Tajikistan,106,4.79,0.39,0.86,0.57,0.47,0.15,0.23,2015
Tunisia,107,4.74,0.88,0.60,0.74,0.26,0.06,0.06,2015
Palestinian Territories,108,4.72,0.60,0.93,0.66,0.24,0.13,0.11,2015
Bangladesh,109,4.69,0.40,0.43,0.60,0.41,0.13,0.21,2015
Iran,110,4.69,1.01,0.54,0.70,0.30,0.06,0.38,2015
Ukraine,111,4.68,0.80,1.20,0.67,0.25,0.03,0.15,2015
Iraq,112,4.68,0.99,0.82,0.60,0.00,0.14,0.18,2015
South Africa,113,4.64,0.92,1.18,0.28,0.33,0.09,0.12,2015
Ghana,114,4.63,0.55,0.68,0.40,0.42,0.04,0.23,2015
Zimbabwe,115,4.61,0.27,1.03,0.33,0.26,0.08,0.19,2015
Liberia,116,4.57,0.07,0.79,0.34,0.29,0.06,0.24,2015
India,117,4.57,0.64,0.38,0.52,0.40,0.08,0.26,2015
Sudan,118,4.55,0.52,1.01,0.37,0.10,0.15,0.19,2015
Haiti,119,4.52,0.27,0.74,0.39,0.24,0.17,0.46,2015
Congo (Kinshasa),120,4.52,0.00,1.00,0.10,0.23,0.08,0.25,2015
Nepal,121,4.51,0.36,0.86,0.57,0.38,0.06,0.32,2015
Ethiopia,122,4.51,0.19,0.60,0.44,0.43,0.15,0.24,2015
Sierra Leone,123,4.51,0.33,0.96,0.00,0.41,0.09,0.21,2015
Mauritania,124,4.44,0.45,0.87,0.36,0.24,0.17,0.22,2015
Kenya,125,4.42,0.36,1.00,0.41,0.42,0.06,0.38,2015
Djibouti,126,4.37,0.44,0.59,0.36,0.46,0.28,0.18,2015
Armenia,127,4.35,0.77,0.78,0.73,0.20,0.04,0.08,2015
Botswana,128,4.33,0.99,1.10,0.05,0.49,0.12,0.10,2015
Myanmar,129,4.31,0.27,0.71,0.48,0.44,0.19,0.80,2015
Georgia,130,4.30,0.74,0.39,0.73,0.41,0.38,0.06,2015
Malawi,131,4.29,0.02,0.41,0.23,0.43,0.07,0.33,2015
Sri Lanka,132,4.27,0.84,1.02,0.71,0.54,0.09,0.41,2015
Cameroon,133,4.25,0.42,0.89,0.23,0.49,0.06,0.21,2015
Bulgaria,134,4.22,1.01,1.11,0.77,0.31,0.01,0.12,2015
Egypt,135,4.19,0.88,0.75,0.62,0.17,0.06,0.11,2015
Yemen,136,4.08,0.55,0.68,0.40,0.36,0.08,0.09,2015
Angola,137,4.03,0.76,0.86,0.17,0.10,0.07,0.12,2015
Mali,138,4.00,0.26,1.04,0.21,0.39,0.12,0.19,2015
Congo (Brazzaville),139,3.99,0.68,0.66,0.31,0.41,0.12,0.12,2015
Comoros,140,3.96,0.24,0.79,0.36,0.23,0.20,0.17,2015
Uganda,141,3.93,0.21,1.13,0.34,0.46,0.07,0.29,2015
Senegal,142,3.90,0.36,0.98,0.44,0.37,0.11,0.21,2015
Gabon,143,3.90,1.06,0.91,0.43,0.32,0.11,0.07,2015
Niger,144,3.85,0.07,0.77,0.30,0.48,0.16,0.19,2015
Cambodia,145,3.82,0.46,0.63,0.61,0.66,0.07,0.40,2015
Tanzania,146,3.78,0.29,1.00,0.38,0.33,0.06,0.34,2015
Madagascar,147,3.68,0.21,0.67,0.47,0.19,0.08,0.21,2015
Central African Republic,148,3.68,0.08,0.00,0.07,0.49,0.08,0.24,2015
Chad,149,3.67,0.34,0.76,0.15,0.24,0.05,0.18,2015
Guinea,150,3.66,0.17,0.46,0.24,0.38,0.12,0.29,2015
Ivory Coast,151,3.66,0.47,0.77,0.15,0.47,0.18,0.20,2015
Burkina Faso,152,3.59,0.26,0.85,0.27,0.39,0.13,0.22,2015
Afghanistan,153,3.58,0.32,0.30,0.30,0.23,0.10,0.37,2015
Rwanda,154,3.47,0.22,0.77,0.43,0.59,0.55,0.23,2015
Benin,155,3.34,0.29,0.35,0.32,0.48,0.08,0.18,2015
Syria,156,3.01,0.66,0.47,0.72,0.16,0.19,0.47,2015
Burundi,157,2.91,0.02,0.42,0.22,0.12,0.10,0.20,2015
Togo,158,2.84,0.21,0.14,0.28,0.36,0.11,0.17,2015
Denmark,1,7.53,1.44,1.16,0.80,0.58,0.44,0.36,2016
Switzerland,2,7.51,1.53,1.15,0.86,0.59,0.41,0.28,2016
Iceland,3,7.50,1.43,1.18,0.87,0.57,0.15,0.48,2016
Norway,4,7.50,1.58,1.13,0.80,0.60,0.36,0.38,2016
Finland,5,7.41,1.41,1.13,0.81,0.57,0.41,0.25,2016
Canada,6,7.40,1.44,1.10,0.83,0.57,0.31,0.45,2016
Netherlands,7,7.34,1.46,1.03,0.81,0.55,0.30,0.47,2016
New Zealand,8,7.33,1.36,1.17,0.83,0.58,0.42,0.49,2016
Australia,9,7.31,1.44,1.10,0.85,0.57,0.32,0.47,2016
Sweden,10,7.29,1.45,1.09,0.83,0.58,0.41,0.38,2016
Israel,11,7.27,1.34,1.00,0.85,0.36,0.09,0.32,2016
Austria,12,7.12,1.45,1.08,0.81,0.54,0.21,0.33,2016
United States,13,7.10,1.51,1.05,0.78,0.48,0.15,0.41,2016
Costa Rica,14,7.09,1.07,1.02,0.76,0.55,0.11,0.23,2016
Puerto Rico,15,7.04,1.36,1.08,0.78,0.47,0.12,0.22,2016
Germany,16,6.99,1.45,1.10,0.81,0.53,0.29,0.30,2016
Brazil,17,6.95,1.09,1.04,0.61,0.40,0.14,0.16,2016
Belgium,18,6.93,1.43,1.05,0.82,0.51,0.26,0.24,2016
Ireland,19,6.91,1.48,1.16,0.81,0.54,0.30,0.45,2016
Luxembourg,20,6.87,1.70,1.04,0.85,0.55,0.35,0.28,2016
Mexico,21,6.78,1.12,0.71,0.71,0.38,0.18,0.12,2016
Singapore,22,6.74,1.65,0.87,0.95,0.49,0.47,0.33,2016
United Kingdom,23,6.73,1.40,1.09,0.81,0.50,0.27,0.50,2016
Chile,24,6.71,1.22,0.91,0.82,0.38,0.11,0.32,2016
Panama,25,6.70,1.18,0.99,0.71,0.49,0.08,0.24,2016
Argentina,26,6.65,1.15,1.07,0.70,0.42,0.07,0.11,2016
Czech Republic,27,6.60,1.31,1.01,0.76,0.41,0.04,0.10,2016
United Arab Emirates,28,6.57,1.57,0.87,0.73,0.56,0.36,0.27,2016
Uruguay,29,6.55,1.18,1.03,0.72,0.54,0.21,0.18,2016
Malta,30,6.49,1.31,1.10,0.80,0.55,0.18,0.56,2016
Colombia,31,6.48,1.03,1.02,0.60,0.45,0.05,0.16,2016
France,32,6.48,1.39,1.01,0.84,0.47,0.18,0.12,2016
Thailand,33,6.47,1.09,1.04,0.65,0.50,0.03,0.59,2016
Saudi Arabia,34,6.38,1.49,0.85,0.59,0.38,0.30,0.15,2016
Taiwan,34,6.38,1.40,0.93,0.80,0.32,0.07,0.25,2016
Qatar,36,6.38,1.82,0.88,0.72,0.57,0.48,0.32,2016
Spain,37,6.36,1.34,1.13,0.88,0.38,0.06,0.18,2016
Algeria,38,6.36,1.05,0.83,0.62,0.21,0.16,0.07,2016
Guatemala,39,6.32,0.83,0.87,0.54,0.50,0.09,0.29,2016
Suriname,40,6.27,1.10,0.78,0.51,0.52,0.13,0.17,2016
Kuwait,41,6.24,1.62,0.88,0.64,0.43,0.24,0.16,2016
Bahrain,42,6.22,1.44,0.94,0.66,0.47,0.26,0.17,2016
Trinidad and Tobago,43,6.17,1.33,0.99,0.53,0.48,0.01,0.32,2016
Venezuela,44,6.08,1.13,1.03,0.62,0.20,0.08,0.04,2016
Slovakia,45,6.08,1.28,1.08,0.70,0.23,0.03,0.14,2016
El Salvador,46,6.07,0.87,0.81,0.60,0.37,0.11,0.09,2016
Malaysia,47,6.01,1.25,0.88,0.62,0.39,0.09,0.41,2016
Nicaragua,48,5.99,0.69,0.90,0.65,0.47,0.16,0.30,2016
Uzbekistan,49,5.99,0.74,1.17,0.50,0.61,0.28,0.34,2016
Italy,50,5.98,1.35,1.04,0.85,0.19,0.03,0.17,2016
Ecuador,51,5.98,0.97,0.86,0.69,0.40,0.18,0.10,2016
Belize,52,5.96,0.88,0.69,0.46,0.51,0.11,0.24,2016
Japan,53,5.92,1.38,1.06,0.91,0.47,0.19,0.10,2016
Kazakhstan,54,5.92,1.23,0.96,0.57,0.41,0.11,0.15,2016
Moldova,55,5.90,0.69,0.83,0.52,0.25,0.02,0.20,2016
Russia,56,5.86,1.23,1.05,0.59,0.33,0.04,0.03,2016
Poland,57,5.84,1.25,1.05,0.69,0.45,0.06,0.14,2016
South Korea,57,5.84,1.36,0.72,0.89,0.25,0.08,0.19,2016
Bolivia,59,5.82,0.79,0.84,0.47,0.51,0.08,0.22,2016
Lithuania,60,5.81,1.27,1.06,0.65,0.19,0.02,0.02,2016
Belarus,61,5.80,1.13,1.05,0.63,0.29,0.17,0.14,2016
North Cyprus,62,5.77,1.31,0.82,0.84,0.44,0.17,0.26,2016
Slovenia,63,5.77,1.30,1.06,0.79,0.53,0.04,0.26,2016
Peru,64,5.74,1.00,0.81,0.63,0.38,0.05,0.15,2016
Turkmenistan,65,5.66,1.08,1.04,0.44,0.37,0.28,0.23,2016
Mauritius,66,5.65,1.14,0.76,0.66,0.46,0.05,0.37,2016
Libya,67,5.62,1.07,0.95,0.52,0.41,0.10,0.17,2016
Latvia,68,5.56,1.22,0.95,0.64,0.28,0.09,0.17,2016
Cyprus,69,5.55,1.32,0.71,0.85,0.30,0.05,0.28,2016
Paraguay,70,5.54,0.89,1.11,0.58,0.46,0.07,0.25,2016
Romania,71,5.53,1.17,0.73,0.68,0.37,0.01,0.13,2016
Estonia,72,5.52,1.28,1.05,0.68,0.42,0.19,0.08,2016
Jamaica,73,5.51,0.89,0.96,0.59,0.44,0.04,0.22,2016
Croatia,74,5.49,1.19,0.61,0.71,0.24,0.04,0.18,2016
Hong Kong,75,5.46,1.51,0.87,0.95,0.48,0.32,0.40,2016
Somalia,76,5.44,0.00,0.34,0.11,0.57,0.31,0.27,2016
Kosovo,77,5.40,0.90,0.66,0.54,0.14,0.07,0.28,2016
Turkey,78,5.39,1.16,0.88,0.65,0.24,0.12,0.05,2016
Indonesia,79,5.31,0.95,0.88,0.49,0.39,0.00,0.57,2016
Jordan,80,5.30,1.00,0.86,0.61,0.36,0.13,0.14,2016
Azerbaijan,81,5.29,1.12,0.76,0.55,0.35,0.18,0.06,2016
Philippines,82,5.28,0.81,0.88,0.47,0.55,0.12,0.22,2016
China,83,5.25,1.03,0.79,0.74,0.44,0.03,0.05,2016
Bhutan,84,5.20,0.85,0.91,0.50,0.46,0.16,0.49,2016
Kyrgyzstan,85,5.19,0.56,0.95,0.55,0.40,0.05,0.38,2016
Serbia,86,5.18,1.03,0.81,0.65,0.16,0.04,0.21,2016
Bosnia and Herzegovina,87,5.16,0.93,0.64,0.71,0.10,0.00,0.30,2016
Montenegro,88,5.16,1.08,0.74,0.64,0.15,0.13,0.17,2016
Dominican Republic,89,5.16,1.03,0.99,0.58,0.52,0.12,0.21,2016
Morocco,90,5.15,0.84,0.39,0.59,0.26,0.08,0.04,2016
Hungary,91,5.15,1.24,0.93,0.68,0.20,0.04,0.10,2016
Pakistan,92,5.13,0.69,0.26,0.40,0.15,0.14,0.31,2016
Lebanon,93,5.13,1.12,0.64,0.76,0.26,0.03,0.24,2016
Portugal,94,5.12,1.28,0.94,0.79,0.45,0.02,0.12,2016
Macedonia,95,5.12,1.02,0.78,0.65,0.28,0.07,0.24,2016
Vietnam,96,5.06,0.74,0.79,0.66,0.56,0.12,0.25,2016
Somaliland Region,97,5.06,0.26,0.76,0.33,0.39,0.37,0.51,2016
Tunisia,98,5.05,0.98,0.43,0.60,0.24,0.08,0.04,2016
Greece,99,5.03,1.25,0.75,0.80,0.06,0.04,0.00,2016
Tajikistan,100,5.00,0.49,0.76,0.53,0.43,0.14,0.26,2016
Mongolia,101,4.91,0.99,1.09,0.55,0.36,0.03,0.35,2016
Laos,102,4.88,0.68,0.55,0.38,0.52,0.22,0.43,2016
Nigeria,103,4.88,0.75,0.64,0.05,0.28,0.03,0.23,2016
Honduras,104,4.87,0.69,0.76,0.58,0.27,0.07,0.20,2016
Iran,105,4.81,1.12,0.39,0.64,0.23,0.06,0.39,2016
Zambia,106,4.80,0.61,0.64,0.24,0.43,0.11,0.18,2016
Nepal,107,4.79,0.45,0.70,0.50,0.37,0.07,0.38,2016
Palestinian Territories,108,4.75,0.67,0.72,0.57,0.18,0.11,0.11,2016
Albania,109,4.66,0.96,0.50,0.73,0.32,0.05,0.17,2016
Bangladesh,110,4.64,0.54,0.25,0.53,0.40,0.13,0.19,2016
Sierra Leone,111,4.64,0.36,0.63,0.00,0.31,0.08,0.24,2016
Iraq,112,4.58,1.07,0.59,0.51,0.25,0.14,0.20,2016
Namibia,113,4.57,0.93,0.70,0.35,0.49,0.10,0.08,2016
Cameroon,114,4.51,0.52,0.63,0.13,0.43,0.06,0.23,2016
Ethiopia,115,4.51,0.29,0.38,0.35,0.37,0.17,0.30,2016
South Africa,116,4.46,1.02,0.96,0.19,0.42,0.08,0.14,2016
Sri Lanka,117,4.42,0.97,0.85,0.62,0.51,0.08,0.47,2016
India,118,4.40,0.74,0.29,0.45,0.40,0.09,0.25,2016
Myanmar,119,4.40,0.34,0.70,0.40,0.43,0.20,0.82,2016
Egypt,120,4.36,0.95,0.50,0.52,0.19,0.10,0.13,2016
Armenia,121,4.36,0.86,0.62,0.64,0.14,0.04,0.08,2016
Kenya,122,4.36,0.52,0.76,0.30,0.41,0.07,0.41,2016
Ukraine,123,4.32,0.87,1.01,0.59,0.13,0.02,0.20,2016
Ghana,124,4.28,0.63,0.49,0.30,0.41,0.03,0.21,2016
Congo (Kinshasa),125,4.27,0.06,0.81,0.19,0.16,0.06,0.25,2016
Georgia,126,4.25,0.84,0.19,0.64,0.32,0.32,0.07,2016
Congo (Brazzaville),127,4.24,0.77,0.48,0.28,0.38,0.10,0.12,2016
Senegal,128,4.22,0.44,0.77,0.40,0.31,0.12,0.19,2016
Bulgaria,129,4.22,1.11,0.93,0.68,0.21,0.01,0.13,2016
Mauritania,130,4.20,0.61,0.84,0.29,0.13,0.18,0.23,2016
Zimbabwe,131,4.19,0.35,0.71,0.16,0.25,0.09,0.19,2016
Malawi,132,4.16,0.09,0.15,0.29,0.41,0.08,0.31,2016
Sudan,133,4.14,0.63,0.82,0.30,0.00,0.10,0.18,2016
Gabon,134,4.12,1.16,0.72,0.35,0.28,0.09,0.06,2016
Mali,135,4.07,0.31,0.86,0.16,0.28,0.14,0.21,2016
Haiti,136,4.03,0.34,0.30,0.27,0.12,0.14,0.48,2016
Botswana,137,3.97,1.09,0.89,0.35,0.44,0.11,0.12,2016
Comoros,138,3.96,0.28,0.60,0.30,0.15,0.18,0.18,2016
Ivory Coast,139,3.92,0.56,0.58,0.04,0.41,0.16,0.20,2016
Cambodia,140,3.91,0.56,0.54,0.42,0.59,0.08,0.40,2016
Angola,141,3.87,0.85,0.66,0.05,0.01,0.08,0.12,2016
Niger,142,3.86,0.13,0.61,0.26,0.38,0.17,0.21,2016
South Sudan,143,3.83,0.39,0.19,0.16,0.20,0.13,0.26,2016
Chad,144,3.76,0.42,0.63,0.04,0.13,0.05,0.19,2016
Burkina Faso,145,3.74,0.32,0.63,0.21,0.33,0.13,0.24,2016
Uganda,145,3.74,0.35,0.91,0.20,0.44,0.06,0.27,2016
Yemen,147,3.72,0.58,0.47,0.31,0.23,0.06,0.10,2016
Madagascar,148,3.70,0.28,0.46,0.37,0.14,0.08,0.22,2016
Tanzania,149,3.67,0.47,0.78,0.36,0.32,0.05,0.31,2016
Liberia,150,3.62,0.11,0.50,0.23,0.26,0.05,0.24,2016
Guinea,151,3.61,0.22,0.31,0.19,0.31,0.12,0.30,2016
Rwanda,152,3.52,0.33,0.62,0.32,0.54,0.51,0.24,2016
Benin,153,3.48,0.39,0.10,0.21,0.40,0.07,0.20,2016
Afghanistan,154,3.36,0.38,0.11,0.17,0.16,0.07,0.31,2016
Togo,155,3.30,0.28,0.00,0.25,0.35,0.12,0.18,2016
Syria,156,3.07,0.75,0.15,0.63,0.07,0.17,0.48,2016
Burundi,157,2.91,0.07,0.23,0.16,0.04,0.09,0.20,2016
Finland,1,7.63,1.31,1.59,0.87,0.68,0.39,0.20,2018
Norway,2,7.59,1.46,1.58,0.86,0.69,0.34,0.29,2018
Denmark,3,7.56,1.35,1.59,0.87,0.68,0.41,0.28,2018
Iceland,4,7.50,1.34,1.64,0.91,0.68,0.14,0.35,2018
Switzerland,5,7.49,1.42,1.55,0.93,0.66,0.36,0.26,2018
Netherlands,6,7.44,1.36,1.49,0.88,0.64,0.30,0.33,2018
Canada,7,7.33,1.33,1.53,0.90,0.65,0.29,0.32,2018
New Zealand,8,7.32,1.27,1.60,0.88,0.67,0.39,0.37,2018
Sweden,9,7.31,1.36,1.50,0.91,0.66,0.38,0.29,2018
Australia,10,7.27,1.34,1.57,0.91,0.65,0.30,0.36,2018
United Kingdom,11,7.19,1.24,1.43,0.89,0.46,0.08,0.26,2018
Austria,12,7.14,1.34,1.50,0.89,0.62,0.22,0.24,2018
Costa Rica,13,7.07,1.01,1.46,0.82,0.63,0.10,0.14,2018
Ireland,14,6.98,1.45,1.58,0.88,0.61,0.31,0.31,2018
Germany,15,6.97,1.34,1.47,0.86,0.59,0.28,0.27,2018
Belgium,16,6.93,1.32,1.48,0.89,0.58,0.24,0.19,2018
Luxembourg,17,6.91,1.58,1.52,0.90,0.63,0.32,0.20,2018
United States,18,6.89,1.40,1.47,0.82,0.55,0.13,0.29,2018
Israel,19,6.81,1.30,1.56,0.88,0.53,0.27,0.35,2018
United Arab Emirates,20,6.77,2.10,0.78,0.67,0.28,,0.19,2018
Czech Republic,21,6.71,1.23,1.49,0.85,0.54,0.03,0.06,2018
Malta,22,6.63,1.27,1.53,0.88,0.65,0.14,0.38,2018
France,23,6.49,1.29,1.47,0.91,0.52,0.18,0.10,2018
Mexico,24,6.49,1.04,1.25,0.76,0.48,0.10,0.07,2018
Chile,25,6.48,1.13,1.33,0.81,0.43,0.06,0.20,2018
Taiwan,26,6.44,1.37,1.44,0.86,0.42,0.08,0.15,2018
Panama,27,6.43,1.11,1.44,0.76,0.60,0.06,0.13,2018
Brazil,28,6.42,0.99,1.47,0.68,0.49,0.09,0.11,2018
Argentina,29,6.39,1.07,1.47,0.74,0.57,0.05,0.06,2018
Guatemala,30,6.38,0.78,1.27,0.61,0.60,0.07,0.18,2018
Uruguay,31,6.38,1.09,1.46,0.77,0.63,0.16,0.13,2018
Qatar,32,6.37,1.65,1.30,0.75,0.65,0.17,0.26,2018
Saudi Arabia,33,6.37,1.38,1.33,0.63,0.51,0.13,0.10,2018
Singapore,34,6.34,1.53,1.45,1.01,0.63,0.46,0.26,2018
Malaysia,35,6.32,1.16,1.26,0.67,0.36,0.06,0.31,2018
Spain,36,6.31,1.25,1.54,0.97,0.45,0.07,0.14,2018
Colombia,37,6.26,0.96,1.44,0.64,0.53,0.04,0.10,2018
Trinidad & Tobago,38,6.19,1.22,1.49,0.56,0.58,0.02,0.17,2018
Slovakia,39,6.17,1.21,1.54,0.78,0.35,0.01,0.12,2018
El Salvador,40,6.17,0.81,1.23,0.64,0.46,0.08,0.07,2018
Nicaragua,41,6.14,0.67,1.32,0.70,0.53,0.13,0.21,2018
Poland,42,6.12,1.18,1.45,0.78,0.55,0.06,0.11,2018
Bahrain,43,6.11,1.34,1.37,0.70,0.59,0.12,0.24,2018
Uzbekistan,44,6.10,0.72,1.58,0.61,0.72,0.26,0.33,2018
Kuwait,45,6.08,1.47,1.30,0.68,0.55,0.11,0.17,2018
Thailand,46,6.07,1.02,1.42,0.71,0.64,0.03,0.36,2018
Italy,47,6.00,1.26,1.50,0.95,0.28,0.03,0.14,2018
Ecuador,48,5.97,0.89,1.33,0.74,0.56,0.12,0.11,2018
Belize,49,5.96,0.81,1.10,0.47,0.59,0.09,0.18,2018
Lithuania,50,5.95,1.20,1.53,0.72,0.35,0.01,0.03,2018
Slovenia,51,5.95,1.22,1.51,0.86,0.63,0.05,0.16,2018
Romania,52,5.95,1.12,1.22,0.73,0.53,0.00,0.09,2018
Latvia,53,5.93,1.15,1.45,0.67,0.36,0.07,0.09,2018
Japan,54,5.92,1.29,1.46,0.99,0.55,0.15,0.08,2018
Mauritius,55,5.89,1.09,1.39,0.68,0.58,0.05,0.25,2018
Jamaica,56,5.89,0.82,1.49,0.69,0.58,0.03,0.10,2018
South Korea,57,5.88,1.27,1.20,0.96,0.24,0.05,0.18,2018
Northern Cyprus,58,5.84,1.23,1.21,0.91,0.50,0.15,0.18,2018
Russia,59,5.81,1.15,1.48,0.60,0.40,0.03,0.07,2018
Kazakhstan,60,5.79,1.14,1.52,0.63,0.45,0.12,0.15,2018
Cyprus,61,5.76,1.23,1.19,0.91,0.42,0.04,0.20,2018
Bolivia,62,5.75,0.75,1.22,0.51,0.61,0.05,0.14,2018
Estonia,63,5.74,1.20,1.53,0.74,0.55,0.17,0.09,2018
Paraguay,64,5.68,0.84,1.52,0.62,0.54,0.07,0.16,2018
Peru,65,5.66,0.93,1.25,0.67,0.53,0.03,0.09,2018
Kosovo,66,5.66,0.86,1.23,0.58,0.45,0.02,0.27,2018
Moldova,67,5.64,0.66,1.30,0.62,0.23,0.00,0.17,2018
Turkmenistan,68,5.64,1.02,1.53,0.52,0.42,0.04,0.20,2018
Hungary,69,5.62,1.17,1.40,0.73,0.26,0.02,0.06,2018
Libya,70,5.57,0.99,1.35,0.55,0.50,0.15,0.12,2018
Philippines,71,5.52,0.78,1.31,0.51,0.64,0.11,0.12,2018
Honduras,72,5.50,0.62,1.21,0.62,0.46,0.07,0.20,2018
Belarus,73,5.48,1.04,1.50,0.70,0.31,0.15,0.10,2018
Turkey,74,5.48,1.15,1.38,0.69,0.32,0.11,0.11,2018
Pakistan,75,5.47,0.65,0.81,0.42,0.33,0.11,0.22,2018
Hong Kong,76,5.43,1.41,1.29,1.03,0.52,0.29,0.25,2018
Portugal,77,5.41,1.19,1.43,0.88,0.56,0.02,0.06,2018
Serbia,78,5.40,0.98,1.37,0.69,0.29,0.04,0.13,2018
Greece,79,5.36,1.15,1.20,0.88,0.13,0.04,0.00,2018
Lebanon,80,5.36,0.97,1.18,0.79,0.50,0.14,0.21,2018
Montenegro,81,5.35,1.02,1.28,0.73,0.26,0.08,0.11,2018
Croatia,82,5.32,1.12,1.16,0.74,0.38,0.04,0.12,2018
Dominican Republic,83,5.30,0.98,1.44,0.61,0.58,0.11,0.12,2018
Algeria,84,5.30,0.98,1.15,0.69,0.08,0.14,0.06,2018
Morocco,85,5.25,0.78,0.80,0.67,0.46,0.07,0.03,2018
China,86,5.25,0.99,1.14,0.80,0.60,0.10,0.03,2018
Azerbaijan,87,5.20,1.02,1.16,0.60,0.43,0.18,0.03,2018
Tajikistan,88,5.20,0.47,1.17,0.60,0.29,0.03,0.19,2018
Macedonia,89,5.19,0.96,1.24,0.69,0.39,0.05,0.17,2018
Jordan,90,5.16,0.82,1.27,0.65,0.47,0.13,0.13,2018
Nigeria,91,5.16,0.69,1.17,0.05,0.46,0.03,0.20,2018
Kyrgyzstan,92,5.13,0.53,1.42,0.59,0.54,0.04,0.28,2018
Bosnia and Herzegovina,93,5.13,0.92,1.08,0.76,0.28,0.00,0.22,2018
Mongolia,94,5.13,0.91,1.52,0.58,0.40,0.03,0.25,2018
Vietnam,95,5.10,0.72,1.37,0.70,0.62,0.08,0.18,2018
Indonesia,96,5.09,0.90,1.22,0.52,0.54,0.02,0.48,2018
Bhutan,97,5.08,0.80,1.34,0.53,0.54,0.17,0.36,2018
Somalia,98,4.98,0.00,0.71,0.12,0.67,0.28,0.24,2018
Cameroon,99,4.98,0.54,0.89,0.18,0.45,0.04,0.18,2018
Bulgaria,100,4.93,1.05,1.52,0.71,0.36,0.01,0.06,2018
Nepal,101,4.88,0.43,1.23,0.54,0.53,0.08,0.30,2018
Venezuela,102,4.81,1.00,1.47,0.66,0.13,0.05,0.06,2018
Gabon,103,4.76,1.04,1.16,0.40,0.36,0.05,0.03,2018
Palestinian Territories,104,4.74,0.64,1.22,0.60,0.27,0.08,0.09,2018
South Africa,105,4.72,0.94,1.41,0.33,0.52,0.06,0.10,2018
Iran,106,4.71,1.06,0.77,0.69,0.46,0.13,0.28,2018
Ivory Coast,107,4.67,0.54,0.87,0.08,0.47,0.10,0.15,2018
Ghana,108,4.66,0.59,0.90,0.34,0.50,0.03,0.21,2018
Senegal,109,4.63,0.43,1.12,0.43,0.41,0.08,0.14,2018
Laos,110,4.62,0.72,1.03,0.44,0.63,0.17,0.23,2018
Tunisia,111,4.59,0.90,0.91,0.69,0.27,0.06,0.04,2018
Albania,112,4.59,0.92,0.82,0.79,0.42,0.03,0.15,2018
Sierra Leone,113,4.57,0.26,0.81,0.00,0.36,0.05,0.24,2018
Congo (Brazzaville),114,4.56,0.68,0.81,0.34,0.51,0.08,0.09,2018
Bangladesh,115,4.50,0.53,0.85,0.58,0.58,0.14,0.15,2018
Sri Lanka,116,4.47,0.92,1.31,0.67,0.59,0.05,0.31,2018
Iraq,117,4.46,1.01,0.97,0.54,0.30,0.10,0.15,2018
Mali,118,4.45,0.37,1.23,0.15,0.37,0.06,0.14,2018
Namibia,119,4.44,0.87,1.28,0.37,0.52,0.06,0.05,2018
Cambodia,120,4.43,0.55,1.09,0.46,0.70,0.07,0.26,2018
Burkina Faso,121,4.42,0.31,1.10,0.25,0.31,0.13,0.18,2018
Egypt,122,4.42,0.89,1.03,0.55,0.31,0.11,0.09,2018
Mozambique,123,4.42,0.20,0.90,0.17,0.53,0.16,0.21,2018
Kenya,124,4.41,0.49,1.05,0.45,0.50,0.06,0.35,2018
Zambia,125,4.38,0.56,1.05,0.30,0.50,0.08,0.22,2018
Mauritania,126,4.36,0.56,1.25,0.29,0.13,0.09,0.13,2018
Ethiopia,127,4.35,0.31,0.95,0.39,0.45,0.15,0.22,2018
Georgia,128,4.34,0.85,0.59,0.64,0.38,0.22,0.04,2018
Armenia,129,4.32,0.82,0.99,0.67,0.26,0.03,0.08,2018
Myanmar,130,4.31,0.68,1.17,0.43,0.58,0.18,0.60,2018
Chad,131,4.30,0.36,0.91,0.05,0.19,0.06,0.18,2018
Congo (Kinshasa),132,4.25,0.07,1.14,0.20,0.31,0.05,0.20,2018
India,133,4.19,0.72,0.75,0.49,0.54,0.09,0.17,2018
Niger,134,4.17,0.13,0.87,0.22,0.39,0.10,0.18,2018
Uganda,135,4.16,0.32,1.09,0.24,0.45,0.06,0.26,2018
Benin,136,4.14,0.38,0.37,0.24,0.44,0.07,0.16,2018
Sudan,137,4.14,0.61,1.24,0.31,0.02,0.08,0.13,2018
Ukraine,138,4.10,0.79,1.41,0.61,0.16,0.01,0.19,2018
Togo,139,4.00,0.26,0.47,0.25,0.43,0.10,0.16,2018
Guinea,140,3.96,0.34,0.79,0.21,0.39,0.09,0.19,2018
Lesotho,141,3.81,0.47,1.22,0.08,0.42,0.11,0.12,2018
Angola,142,3.80,0.73,1.13,0.27,0.00,0.06,0.08,2018
Madagascar,143,3.77,0.26,0.91,0.40,0.22,0.05,0.16,2018
Zimbabwe,144,3.69,0.36,1.09,0.25,0.41,0.10,0.13,2018
Afghanistan,145,3.63,0.33,0.54,0.26,0.09,0.04,0.19,2018
Botswana,146,3.59,1.02,1.17,0.42,0.56,0.09,0.04,2018
Malawi,147,3.59,0.19,0.54,0.31,0.53,0.08,0.21,2018
Haiti,148,3.58,0.32,0.71,0.29,0.03,0.10,0.39,2018
Liberia,149,3.50,0.08,0.86,0.27,0.42,0.03,0.21,2018
Syria,150,3.46,0.69,0.38,0.54,0.09,0.14,0.38,2018
Rwanda,151,3.41,0.33,0.90,0.40,0.64,0.44,0.20,2018
Yemen,152,3.36,0.44,1.07,0.34,0.24,0.06,0.08,2018
Tanzania,153,3.30,0.46,0.99,0.38,0.48,0.10,0.27,2018
South Sudan,154,3.25,0.34,0.61,0.18,0.11,0.11,0.22,2018
Central African Republic,155,3.08,0.02,0.00,0.01,0.31,0.04,0.22,2018
Burundi,156,2.91,0.09,0.63,0.15,0.07,0.08,0.15,2018